{"1": {"30": [1.0, 0.0]}, "2": {"30": [0.9333333333333333, 0.06666666666666667]}, "3": {"30": [0.9, 0.1]}, "4": {"30": [0.8, 0.2]}, "5": {"30": [0.7666666666666667, 0.23333333333333334]}, "6": {"30": [0.9333333333333333, 0.06666666666666667]}, "7": {"30": [0.9666666666666667, 0.03333333333333333]}, "8": {"30": [0.9, 0.1]}, "9": {"30": [0.9666666666666667, 0.03333333333333333]}, "10": {"30": [0.9, 0.1]}, "11": {"30": [0.9, 0.1]}, "12": {"30": [0.9666666666666667, 0.03333333333333333]}, "13": {"30": [0.8666666666666667, 0.13333333333333333]}, "14": {"30": [0.9, 0.1]}, "15": {"30": [0.9666666666666667, 0.03333333333333333]}, "16": {"30": [0.8666666666666667, 0.13333333333333333]}, "17": {"30": [0.8666666666666667, 0.13333333333333333]}, "18": {"30": [0.9, 0.1]}, "19": {"30": [0.8666666666666667, 0.13333333333333333]}, "20": {"30": [0.8333333333333334, 0.16666666666666666]}, "21": {"30": [0.9333333333333333, 0.06666666666666667]}, "22": {"30": [0.9, 0.1]}, "23": {"30": [0.9333333333333333, 0.06666666666666667]}, "24": {"30": [0.9, 0.1]}, "25": {"30": [0.8666666666666667, 0.13333333333333333]}, "26": {"30": [0.8, 0.2]}, "27": {"30": [0.8333333333333334, 0.16666666666666666]}, "28": {"30": [0.8666666666666667, 0.13333333333333333]}, "29": {"30": [0.9333333333333333, 0.06666666666666667]}, "30": {"30": [1.0, 0.0]}, "31": {"30": [0.9333333333333333, 0.06666666666666667]}, "32": {"30": [0.9333333333333333, 0.06666666666666667]}, "33": {"30": [0.8333333333333334, 0.16666666666666666]}, "34": {"30": [0.9333333333333333, 0.06666666666666667]}, "35": {"30": [0.9666666666666667, 0.03333333333333333]}, "36": {"30": [0.8666666666666667, 0.13333333333333333]}, "37": {"30": [0.9666666666666667, 0.03333333333333333]}, "38": {"30": [0.9, 0.1]}, "39": {"30": [0.8333333333333334, 0.16666666666666666]}, "40": {"30": [0.9333333333333333, 0.06666666666666667]}, "41": {"30": [0.8666666666666667, 0.13333333333333333]}, "42": {"30": [0.9666666666666667, 0.03333333333333333]}, "43": {"30": [0.9, 0.1]}, "44": {"30": [0.9333333333333333, 0.06666666666666667]}, "45": {"30": [0.8666666666666667, 0.13333333333333333]}, "46": {"30": [0.9, 0.1]}, "47": {"30": [0.9, 0.1]}, "48": {"30": [0.9333333333333333, 0.06666666666666667]}, "49": {"30": [0.9666666666666667, 0.03333333333333333]}, "50": {"30": [1.0, 0.0]}, "51": {"30": [0.8666666666666667, 0.13333333333333333]}, "52": {"30": [0.9333333333333333, 0.06666666666666667]}, "53": {"30": [0.9333333333333333, 0.06666666666666667]}, "54": {"30": [0.9, 0.1]}, "55": {"30": [0.9333333333333333, 0.06666666666666667]}, "56": {"30": [0.9333333333333333, 0.06666666666666667]}, "57": {"30": [0.8333333333333334, 0.16666666666666666]}, "58": {"30": [0.8333333333333334, 0.16666666666666666]}, "59": {"30": [0.9666666666666667, 0.03333333333333333]}, "60": {"30": [0.9, 0.1]}, "61": {"30": [0.9333333333333333, 0.06666666666666667]}, "62": {"30": [0.9666666666666667, 0.03333333333333333]}, "63": {"30": [0.9333333333333333, 0.06666666666666667]}, "64": {"30": [0.9333333333333333, 0.06666666666666667]}, "65": {"30": [0.8666666666666667, 0.13333333333333333]}, "66": {"30": [0.8666666666666667, 0.13333333333333333]}, "67": {"30": [0.9, 0.1]}, "68": {"30": [0.8, 0.2]}, "69": {"30": [0.8333333333333334, 0.16666666666666666]}, "70": {"30": [0.9, 0.1]}, "71": {"30": [0.9, 0.1]}, "72": {"30": [0.9333333333333333, 0.06666666666666667]}, "73": {"30": [0.9333333333333333, 0.06666666666666667]}, "74": {"30": [1.0, 0.0]}, "75": {"30": [0.9333333333333333, 0.06666666666666667]}, "76": {"30": [0.8333333333333334, 0.16666666666666666]}, "77": {"30": [1.0, 0.0]}, "78": {"30": [0.9, 0.1]}, "79": {"30": [0.9333333333333333, 0.06666666666666667]}, "80": {"30": [0.9333333333333333, 0.06666666666666667]}, "81": {"30": [0.9, 0.1]}, "82": {"30": [0.8333333333333334, 0.16666666666666666]}, "83": {"30": [0.9666666666666667, 0.03333333333333333]}, "84": {"30": [0.9, 0.1]}, "85": {"30": [0.9, 0.1]}, "86": {"30": [0.7666666666666667, 0.23333333333333334]}, "87": {"30": [0.9666666666666667, 0.03333333333333333]}, "88": {"30": [0.8666666666666667, 0.13333333333333333]}, "89": {"30": [0.7666666666666667, 0.23333333333333334]}, "90": {"30": [0.9666666666666667, 0.03333333333333333]}, "91": {"30": [0.8333333333333334, 0.16666666666666666]}, "92": {"30": [0.9333333333333333, 0.06666666666666667]}, "93": {"30": [0.8333333333333334, 0.16666666666666666]}, "94": {"30": [0.9666666666666667, 0.03333333333333333]}, "95": {"30": [0.9666666666666667, 0.03333333333333333]}, "96": {"30": [0.9, 0.1]}, "97": {"30": [0.9666666666666667, 0.03333333333333333]}, "98": {"30": [0.9, 0.1]}, "99": {"30": [0.9666666666666667, 0.03333333333333333]}, "100": {"30": [0.8666666666666667, 0.13333333333333333]}}