{"1": {"30": [0.7, 0.3]}, "2": {"30": [0.6666666666666666, 0.3333333333333333]}, "3": {"30": [0.5666666666666667, 0.43333333333333335]}, "4": {"30": [0.8333333333333334, 0.16666666666666666]}, "5": {"30": [0.7666666666666667, 0.23333333333333334]}, "6": {"30": [0.6333333333333333, 0.36666666666666664]}, "7": {"30": [0.6333333333333333, 0.36666666666666664]}, "8": {"30": [0.6, 0.4]}, "9": {"30": [0.7666666666666667, 0.23333333333333334]}, "10": {"30": [0.7, 0.3]}, "11": {"30": [0.4666666666666667, 0.5333333333333333]}, "12": {"30": [0.7, 0.3]}, "13": {"30": [0.5666666666666667, 0.43333333333333335]}, "14": {"30": [0.7, 0.3]}, "15": {"30": [0.7, 0.3]}, "16": {"30": [0.5, 0.5]}, "17": {"30": [0.9, 0.1]}, "18": {"30": [0.7, 0.3]}, "19": {"30": [0.7333333333333333, 0.26666666666666666]}, "20": {"30": [0.6, 0.4]}, "21": {"30": [0.7333333333333333, 0.26666666666666666]}, "22": {"30": [0.7, 0.3]}, "23": {"30": [0.7, 0.3]}, "24": {"30": [0.5333333333333333, 0.4666666666666667]}, "25": {"30": [0.6333333333333333, 0.36666666666666664]}, "26": {"30": [0.6666666666666666, 0.3333333333333333]}, "27": {"30": [0.5, 0.5]}, "28": {"30": [0.8333333333333334, 0.16666666666666666]}, "29": {"30": [0.6666666666666666, 0.3333333333333333]}, "30": {"30": [0.5, 0.5]}, "31": {"30": [0.6333333333333333, 0.36666666666666664]}, "32": {"30": [0.6, 0.4]}, "33": {"30": [0.5666666666666667, 0.43333333333333335]}, "34": {"30": [0.7666666666666667, 0.23333333333333334]}, "35": {"30": [0.6666666666666666, 0.3333333333333333]}, "36": {"30": [0.6666666666666666, 0.3333333333333333]}, "37": {"30": [0.6333333333333333, 0.36666666666666664]}, "38": {"30": [0.7333333333333333, 0.26666666666666666]}, "39": {"30": [0.5, 0.5]}, "40": {"30": [0.6333333333333333, 0.36666666666666664]}, "41": {"30": [0.7, 0.3]}, "42": {"30": [0.7666666666666667, 0.23333333333333334]}, "43": {"30": [0.7666666666666667, 0.23333333333333334]}, "44": {"30": [0.6666666666666666, 0.3333333333333333]}, "45": {"30": [0.6333333333333333, 0.36666666666666664]}, "46": {"30": [0.6666666666666666, 0.3333333333333333]}, "47": {"30": [0.6333333333333333, 0.36666666666666664]}, "48": {"30": [0.7, 0.3]}, "49": {"30": [0.6, 0.4]}, "50": {"30": [0.7, 0.3]}, "51": {"30": [0.6666666666666666, 0.3333333333333333]}, "52": {"30": [0.5666666666666667, 0.43333333333333335]}, "53": {"30": [0.8, 0.2]}, "54": {"30": [0.6333333333333333, 0.36666666666666664]}, "55": {"30": [0.7333333333333333, 0.26666666666666666]}, "56": {"30": [0.6333333333333333, 0.36666666666666664]}, "57": {"30": [0.5666666666666667, 0.43333333333333335]}, "58": {"30": [0.6666666666666666, 0.3333333333333333]}, "59": {"30": [0.6333333333333333, 0.36666666666666664]}, "60": {"30": [0.7666666666666667, 0.23333333333333334]}, "61": {"30": [0.7, 0.3]}, "62": {"30": [0.8, 0.2]}, "63": {"30": [0.7, 0.3]}, "64": {"30": [0.6666666666666666, 0.3333333333333333]}, "65": {"30": [0.6, 0.4]}, "66": {"30": [0.6666666666666666, 0.3333333333333333]}, "67": {"30": [0.8, 0.2]}, "68": {"30": [0.5666666666666667, 0.43333333333333335]}, "69": {"30": [0.6666666666666666, 0.3333333333333333]}, "70": {"30": [0.8, 0.2]}, "71": {"30": [0.5333333333333333, 0.4666666666666667]}, "72": {"30": [0.7333333333333333, 0.26666666666666666]}, "73": {"30": [0.6333333333333333, 0.36666666666666664]}, "74": {"30": [0.7333333333333333, 0.26666666666666666]}, "75": {"30": [0.7, 0.3]}, "76": {"30": [0.6333333333333333, 0.36666666666666664]}, "77": {"30": [0.5, 0.5]}, "78": {"30": [0.6, 0.4]}, "79": {"30": [0.6666666666666666, 0.3333333333333333]}, "80": {"30": [0.7666666666666667, 0.23333333333333334]}, "81": {"30": [0.5333333333333333, 0.4666666666666667]}, "82": {"30": [0.4666666666666667, 0.5333333333333333]}, "83": {"30": [0.6666666666666666, 0.3333333333333333]}, "84": {"30": [0.6666666666666666, 0.3333333333333333]}, "85": {"30": [0.6, 0.4]}, "86": {"30": [0.7, 0.3]}, "87": {"30": [0.7, 0.3]}, "88": {"30": [0.6666666666666666, 0.3333333333333333]}, "89": {"30": [0.5666666666666667, 0.43333333333333335]}, "90": {"30": [0.6, 0.4]}, "91": {"30": [0.6, 0.4]}, "92": {"30": [0.7, 0.3]}, "93": {"30": [0.6666666666666666, 0.3333333333333333]}, "94": {"30": [0.8, 0.2]}, "95": {"30": [0.7333333333333333, 0.26666666666666666]}, "96": {"30": [0.7, 0.3]}, "97": {"30": [0.7333333333333333, 0.26666666666666666]}, "98": {"30": [0.6666666666666666, 0.3333333333333333]}, "99": {"30": [0.5666666666666667, 0.43333333333333335]}, "100": {"30": [0.7, 0.3]}}