{"1": {"30": [0.4666666666666667, 0.5333333333333333]}, "2": {"30": [0.4, 0.6]}, "3": {"30": [0.3333333333333333, 0.6666666666666666]}, "4": {"30": [0.5666666666666667, 0.43333333333333335]}, "5": {"30": [0.6333333333333333, 0.36666666666666664]}, "6": {"30": [0.4666666666666667, 0.5333333333333333]}, "7": {"30": [0.5333333333333333, 0.4666666666666667]}, "8": {"30": [0.5666666666666667, 0.43333333333333335]}, "9": {"30": [0.6, 0.4]}, "10": {"30": [0.5333333333333333, 0.4666666666666667]}, "11": {"30": [0.4666666666666667, 0.5333333333333333]}, "12": {"30": [0.36666666666666664, 0.6333333333333333]}, "13": {"30": [0.5666666666666667, 0.43333333333333335]}, "14": {"30": [0.5333333333333333, 0.4666666666666667]}, "15": {"30": [0.6666666666666666, 0.3333333333333333]}, "16": {"30": [0.5333333333333333, 0.4666666666666667]}, "17": {"30": [0.6333333333333333, 0.36666666666666664]}, "18": {"30": [0.6, 0.4]}, "19": {"30": [0.5333333333333333, 0.4666666666666667]}, "20": {"30": [0.5333333333333333, 0.4666666666666667]}, "21": {"30": [0.6, 0.4]}, "22": {"30": [0.5666666666666667, 0.43333333333333335]}, "23": {"30": [0.4666666666666667, 0.5333333333333333]}, "24": {"30": [0.5666666666666667, 0.43333333333333335]}, "25": {"30": [0.5333333333333333, 0.4666666666666667]}, "26": {"30": [0.5, 0.5]}, "27": {"30": [0.43333333333333335, 0.5666666666666667]}, "28": {"30": [0.6333333333333333, 0.36666666666666664]}, "29": {"30": [0.4666666666666667, 0.5333333333333333]}, "30": {"30": [0.4666666666666667, 0.5333333333333333]}, "31": {"30": [0.4666666666666667, 0.5333333333333333]}, "32": {"30": [0.4666666666666667, 0.5333333333333333]}, "33": {"30": [0.6, 0.4]}, "34": {"30": [0.3333333333333333, 0.6666666666666666]}, "35": {"30": [0.5333333333333333, 0.4666666666666667]}, "36": {"30": [0.4666666666666667, 0.5333333333333333]}, "37": {"30": [0.6333333333333333, 0.36666666666666664]}, "38": {"30": [0.6333333333333333, 0.36666666666666664]}, "39": {"30": [0.4, 0.6]}, "40": {"30": [0.5666666666666667, 0.43333333333333335]}, "41": {"30": [0.36666666666666664, 0.6333333333333333]}, "42": {"30": [0.3333333333333333, 0.6666666666666666]}, "43": {"30": [0.36666666666666664, 0.6333333333333333]}, "44": {"30": [0.43333333333333335, 0.5666666666666667]}, "45": {"30": [0.6333333333333333, 0.36666666666666664]}, "46": {"30": [0.4666666666666667, 0.5333333333333333]}, "47": {"30": [0.43333333333333335, 0.5666666666666667]}, "48": {"30": [0.5, 0.5]}, "49": {"30": [0.6666666666666666, 0.3333333333333333]}, "50": {"30": [0.4, 0.6]}, "51": {"30": [0.5666666666666667, 0.43333333333333335]}, "52": {"30": [0.3333333333333333, 0.6666666666666666]}, "53": {"30": [0.6666666666666666, 0.3333333333333333]}, "54": {"30": [0.6333333333333333, 0.36666666666666664]}, "55": {"30": [0.5666666666666667, 0.43333333333333335]}, "56": {"30": [0.6666666666666666, 0.3333333333333333]}, "57": {"30": [0.6333333333333333, 0.36666666666666664]}, "58": {"30": [0.5666666666666667, 0.43333333333333335]}, "59": {"30": [0.5333333333333333, 0.4666666666666667]}, "60": {"30": [0.5333333333333333, 0.4666666666666667]}, "61": {"30": [0.43333333333333335, 0.5666666666666667]}, "62": {"30": [0.6333333333333333, 0.36666666666666664]}, "63": {"30": [0.6, 0.4]}, "64": {"30": [0.6, 0.4]}, "65": {"30": [0.5333333333333333, 0.4666666666666667]}, "66": {"30": [0.5, 0.5]}, "67": {"30": [0.6, 0.4]}, "68": {"30": [0.6666666666666666, 0.3333333333333333]}, "69": {"30": [0.43333333333333335, 0.5666666666666667]}, "70": {"30": [0.4, 0.6]}, "71": {"30": [0.4666666666666667, 0.5333333333333333]}, "72": {"30": [0.43333333333333335, 0.5666666666666667]}, "73": {"30": [0.6, 0.4]}, "74": {"30": [0.5666666666666667, 0.43333333333333335]}, "75": {"30": [0.5666666666666667, 0.43333333333333335]}, "76": {"30": [0.5666666666666667, 0.43333333333333335]}, "77": {"30": [0.5333333333333333, 0.4666666666666667]}, "78": {"30": [0.5666666666666667, 0.43333333333333335]}, "79": {"30": [0.5333333333333333, 0.4666666666666667]}, "80": {"30": [0.6, 0.4]}, "81": {"30": [0.5333333333333333, 0.4666666666666667]}, "82": {"30": [0.5666666666666667, 0.43333333333333335]}, "83": {"30": [0.43333333333333335, 0.5666666666666667]}, "84": {"30": [0.5, 0.5]}, "85": {"30": [0.4666666666666667, 0.5333333333333333]}, "86": {"30": [0.4, 0.6]}, "87": {"30": [0.4666666666666667, 0.5333333333333333]}, "88": {"30": [0.6, 0.4]}, "89": {"30": [0.4, 0.6]}, "90": {"30": [0.6, 0.4]}, "91": {"30": [0.6, 0.4]}, "92": {"30": [0.5, 0.5]}, "93": {"30": [0.4666666666666667, 0.5333333333333333]}, "94": {"30": [0.5333333333333333, 0.4666666666666667]}, "95": {"30": [0.4666666666666667, 0.5333333333333333]}, "96": {"30": [0.5, 0.5]}, "97": {"30": [0.5333333333333333, 0.4666666666666667]}, "98": {"30": [0.5333333333333333, 0.4666666666666667]}, "99": {"30": [0.7333333333333333, 0.26666666666666666]}, "100": {"30": [0.36666666666666664, 0.6333333333333333]}}