{"1": {"30": [0.89, 0.11000000000000001]}, "2": {"30": [0.9216666666666666, 0.07833333333333334]}, "3": {"30": [0.8165666666666667, 0.18343333333333334]}, "4": {"30": [0.841, 0.159]}, "5": {"30": [0.9153333333333333, 0.08466666666666665]}, "6": {"30": [0.8165666666666667, 0.18343333333333334]}, "7": {"30": [0.9576666666666667, 0.042333333333333334]}, "8": {"30": [0.8632266666666667, 0.13677333333333333]}, "9": {"30": [0.75656, 0.24344000000000002]}, "10": {"30": [0.9182333333333333, 0.08176666666666667]}, "11": {"30": [0.7432333333333334, 0.25676666666666664]}, "12": {"30": [0.8150000000000001, 0.185]}, "13": {"30": [0.7832333333333333, 0.21676666666666666]}, "14": {"30": [0.7766666666666666, 0.22333333333333336]}, "15": {"30": [0.8226666666666667, 0.17733333333333334]}, "16": {"30": [0.841, 0.159]}, "17": {"30": [0.8866666666666666, 0.11333333333333334]}, "18": {"30": [0.866, 0.134]}, "19": {"30": [0.7533333333333333, 0.24666666666666667]}, "20": {"30": [0.8666666666666667, 0.13333333333333333]}, "21": {"30": [0.9616666666666667, 0.03833333333333333]}, "22": {"30": [0.8432333333333334, 0.15676666666666667]}, "23": {"30": [0.8816666666666667, 0.11833333333333333]}, "24": {"30": [0.79, 0.21000000000000002]}, "25": {"30": [0.8632266666666667, 0.13677333333333333]}, "26": {"30": [0.8576666666666667, 0.14233333333333334]}, "27": {"30": [0.8859, 0.11410000000000001]}, "28": {"30": [0.8866666666666666, 0.11333333333333334]}, "29": {"30": [0.9165666666666666, 0.08343333333333333]}, "30": {"30": [0.7597866666666667, 0.24021333333333333]}, "31": {"30": [0.8326666666666667, 0.16733333333333333]}, "32": {"30": [0.57, 0.43]}, "33": {"30": [0.8200000000000001, 0.18]}, "34": {"30": [0.8765666666666667, 0.12343333333333334]}, "35": {"30": [0.8466666666666667, 0.15333333333333335]}, "36": {"30": [0.887, 0.113]}, "37": {"30": [0.8333333333333333, 0.16666666666666669]}, "38": {"30": [0.8065666666666667, 0.19343333333333335]}, "39": {"30": [0.895, 0.10500000000000001]}, "40": {"30": [0.6998933333333334, 0.30010666666666663]}, "41": {"30": [0.6931200000000001, 0.30688000000000004]}, "42": {"30": [0.79156, 0.20844000000000001]}, "43": {"30": [0.7998933333333333, 0.20010666666666668]}, "44": {"30": [0.8616666666666667, 0.13833333333333334]}, "45": {"30": [0.7264533333333334, 0.2735466666666667]}, "46": {"30": [0.8566666666666667, 0.14333333333333334]}, "47": {"30": [0.795, 0.20500000000000002]}, "48": {"30": [0.7531266666666667, 0.24687333333333333]}, "49": {"30": [0.7999999999999999, 0.2]}, "50": {"30": [0.8866666666666667, 0.11333333333333334]}, "51": {"30": [0.8626666666666667, 0.13733333333333334]}, "52": {"30": [0.7776666666666667, 0.22233333333333333]}, "53": {"30": [0.9293333333333333, 0.07066666666666667]}, "54": {"30": [0.9266666666666666, 0.07333333333333333]}, "55": {"30": [0.9283333333333333, 0.07166666666666667]}, "56": {"30": [0.78646, 0.21354]}, "57": {"30": [0.846, 0.15400000000000003]}, "58": {"30": [0.8033333333333333, 0.19666666666666666]}, "59": {"30": [0.7765666666666667, 0.22343333333333332]}, "60": {"30": [0.8160000000000001, 0.184]}, "61": {"30": [0.8253333333333334, 0.17466666666666666]}, "62": {"30": [0.8883333333333333, 0.11166666666666666]}, "63": {"30": [0.745, 0.255]}, "64": {"30": [0.8298933333333334, 0.17010666666666668]}, "65": {"30": [0.67, 0.33]}, "66": {"30": [0.8576666666666667, 0.14233333333333334]}, "67": {"30": [0.7776666666666667, 0.22233333333333333]}, "68": {"30": [0.8533333333333333, 0.14666666666666667]}, "69": {"30": [0.8525666666666667, 0.14743333333333333]}, "70": {"30": [0.8200000000000001, 0.18]}, "71": {"30": [0.78646, 0.21354]}, "72": {"30": [0.8133333333333334, 0.18666666666666665]}, "73": {"30": [0.9486666666666667, 0.051333333333333335]}, "74": {"30": [0.865, 0.135]}, "75": {"30": [0.882, 0.118]}, "76": {"30": [0.5766666666666665, 0.4233333333333333]}, "77": {"30": [0.7133333333333334, 0.2866666666666667]}, "78": {"30": [0.7793333333333333, 0.22066666666666668]}, "79": {"30": [0.996, 0.004]}, "80": {"30": [0.896, 0.10400000000000001]}, "81": {"30": [0.9626666666666667, 0.03733333333333333]}, "82": {"30": [0.8826666666666667, 0.11733333333333333]}, "83": {"30": [0.8632266666666667, 0.13677333333333333]}, "84": {"30": [0.9066666666666666, 0.09333333333333332]}, "85": {"30": [0.8776666666666667, 0.12233333333333334]}, "86": {"30": [0.8166666666666667, 0.18333333333333335]}, "87": {"30": [0.8248933333333334, 0.1751066666666667]}, "88": {"30": [0.8933333333333333, 0.10666666666666666]}, "89": {"30": [0.6132266666666667, 0.3867733333333333]}, "90": {"30": [0.8116666666666666, 0.18833333333333335]}, "91": {"30": [0.986, 0.013999999999999999]}, "92": {"30": [0.7943333333333333, 0.20566666666666666]}, "93": {"30": [0.7843333333333333, 0.21566666666666667]}, "94": {"30": [0.7766666666666666, 0.22333333333333333]}, "95": {"30": [0.811, 0.189]}, "96": {"30": [0.78756, 0.21244000000000002]}, "97": {"30": [0.8933333333333333, 0.10666666666666666]}, "98": {"30": [0.78646, 0.21354]}, "99": {"30": [0.7798, 0.2202]}, "100": {"30": [0.8182333333333334, 0.18176666666666666]}}