{"1": {"30": [0.23333333333333334, 0.7666666666666667]}, "2": {"30": [0.23333333333333334, 0.7666666666666667]}, "3": {"30": [0.26666666666666666, 0.7333333333333333]}, "4": {"30": [0.43333333333333335, 0.5666666666666667]}, "5": {"30": [0.3, 0.7]}, "6": {"30": [0.3, 0.7]}, "7": {"30": [0.16666666666666666, 0.8333333333333334]}, "8": {"30": [0.23333333333333334, 0.7666666666666667]}, "9": {"30": [0.2, 0.8]}, "10": {"30": [0.16666666666666666, 0.8333333333333334]}, "11": {"30": [0.2, 0.8]}, "12": {"30": [0.26666666666666666, 0.7333333333333333]}, "13": {"30": [0.2, 0.8]}, "14": {"30": [0.23333333333333334, 0.7666666666666667]}, "15": {"30": [0.36666666666666664, 0.6333333333333333]}, "16": {"30": [0.23333333333333334, 0.7666666666666667]}, "17": {"30": [0.3333333333333333, 0.6666666666666666]}, "18": {"30": [0.26666666666666666, 0.7333333333333333]}, "19": {"30": [0.23333333333333334, 0.7666666666666667]}, "20": {"30": [0.4, 0.6]}, "21": {"30": [0.23333333333333334, 0.7666666666666667]}, "22": {"30": [0.4, 0.6]}, "23": {"30": [0.26666666666666666, 0.7333333333333333]}, "24": {"30": [0.13333333333333333, 0.8666666666666667]}, "25": {"30": [0.36666666666666664, 0.6333333333333333]}, "26": {"30": [0.5333333333333333, 0.4666666666666667]}, "27": {"30": [0.26666666666666666, 0.7333333333333333]}, "28": {"30": [0.36666666666666664, 0.6333333333333333]}, "29": {"30": [0.3, 0.7]}, "30": {"30": [0.16666666666666666, 0.8333333333333334]}, "31": {"30": [0.23333333333333334, 0.7666666666666667]}, "32": {"30": [0.23333333333333334, 0.7666666666666667]}, "33": {"30": [0.43333333333333335, 0.5666666666666667]}, "34": {"30": [0.5, 0.5]}, "35": {"30": [0.26666666666666666, 0.7333333333333333]}, "36": {"30": [0.36666666666666664, 0.6333333333333333]}, "37": {"30": [0.23333333333333334, 0.7666666666666667]}, "38": {"30": [0.23333333333333334, 0.7666666666666667]}, "39": {"30": [0.26666666666666666, 0.7333333333333333]}, "40": {"30": [0.23333333333333334, 0.7666666666666667]}, "41": {"30": [0.4, 0.6]}, "42": {"30": [0.3, 0.7]}, "43": {"30": [0.3333333333333333, 0.6666666666666666]}, "44": {"30": [0.3, 0.7]}, "45": {"30": [0.3, 0.7]}, "46": {"30": [0.23333333333333334, 0.7666666666666667]}, "47": {"30": [0.23333333333333334, 0.7666666666666667]}, "48": {"30": [0.26666666666666666, 0.7333333333333333]}, "49": {"30": [0.26666666666666666, 0.7333333333333333]}, "50": {"30": [0.23333333333333334, 0.7666666666666667]}, "51": {"30": [0.23333333333333334, 0.7666666666666667]}, "52": {"30": [0.2, 0.8]}, "53": {"30": [0.13333333333333333, 0.8666666666666667]}, "54": {"30": [0.23333333333333334, 0.7666666666666667]}, "55": {"30": [0.3333333333333333, 0.6666666666666666]}, "56": {"30": [0.3333333333333333, 0.6666666666666666]}, "57": {"30": [0.16666666666666666, 0.8333333333333334]}, "58": {"30": [0.23333333333333334, 0.7666666666666667]}, "59": {"30": [0.3333333333333333, 0.6666666666666666]}, "60": {"30": [0.16666666666666666, 0.8333333333333334]}, "61": {"30": [0.23333333333333334, 0.7666666666666667]}, "62": {"30": [0.3333333333333333, 0.6666666666666666]}, "63": {"30": [0.3, 0.7]}, "64": {"30": [0.3333333333333333, 0.6666666666666666]}, "65": {"30": [0.3, 0.7]}, "66": {"30": [0.2, 0.8]}, "67": {"30": [0.23333333333333334, 0.7666666666666667]}, "68": {"30": [0.3, 0.7]}, "69": {"30": [0.3, 0.7]}, "70": {"30": [0.3333333333333333, 0.6666666666666666]}, "71": {"30": [0.36666666666666664, 0.6333333333333333]}, "72": {"30": [0.23333333333333334, 0.7666666666666667]}, "73": {"30": [0.4, 0.6]}, "74": {"30": [0.36666666666666664, 0.6333333333333333]}, "75": {"30": [0.3, 0.7]}, "76": {"30": [0.26666666666666666, 0.7333333333333333]}, "77": {"30": [0.3, 0.7]}, "78": {"30": [0.23333333333333334, 0.7666666666666667]}, "79": {"30": [0.36666666666666664, 0.6333333333333333]}, "80": {"30": [0.3, 0.7]}, "81": {"30": [0.2, 0.8]}, "82": {"30": [0.3, 0.7]}, "83": {"30": [0.23333333333333334, 0.7666666666666667]}, "84": {"30": [0.06666666666666667, 0.9333333333333333]}, "85": {"30": [0.3, 0.7]}, "86": {"30": [0.2, 0.8]}, "87": {"30": [0.3, 0.7]}, "88": {"30": [0.2, 0.8]}, "89": {"30": [0.3333333333333333, 0.6666666666666666]}, "90": {"30": [0.3, 0.7]}, "91": {"30": [0.3333333333333333, 0.6666666666666666]}, "92": {"30": [0.5, 0.5]}, "93": {"30": [0.36666666666666664, 0.6333333333333333]}, "94": {"30": [0.1, 0.9]}, "95": {"30": [0.3333333333333333, 0.6666666666666666]}, "96": {"30": [0.26666666666666666, 0.7333333333333333]}, "97": {"30": [0.36666666666666664, 0.6333333333333333]}, "98": {"30": [0.3, 0.7]}, "99": {"30": [0.3333333333333333, 0.6666666666666666]}, "100": {"30": [0.26666666666666666, 0.7333333333333333]}}