{"1": {"30": [1.0, 0.0]}, "2": {"30": [0.9666666666666667, 0.03333333333333333]}, "3": {"30": [0.9666666666666667, 0.03333333333333333]}, "4": {"30": [1.0, 0.0]}, "5": {"30": [0.9666666666666667, 0.03333333333333333]}, "6": {"30": [0.9666666666666667, 0.03333333333333333]}, "7": {"30": [0.9666666666666667, 0.03333333333333333]}, "8": {"30": [0.9666666666666667, 0.03333333333333333]}, "9": {"30": [1.0, 0.0]}, "10": {"30": [0.9666666666666667, 0.03333333333333333]}, "11": {"30": [0.9666666666666667, 0.03333333333333333]}, "12": {"30": [0.9, 0.1]}, "13": {"30": [0.9666666666666667, 0.03333333333333333]}, "14": {"30": [0.9666666666666667, 0.03333333333333333]}, "15": {"30": [1.0, 0.0]}, "16": {"30": [0.9666666666666667, 0.03333333333333333]}, "17": {"30": [1.0, 0.0]}, "18": {"30": [0.9333333333333333, 0.06666666666666667]}, "19": {"30": [1.0, 0.0]}, "20": {"30": [1.0, 0.0]}, "21": {"30": [0.9666666666666667, 0.03333333333333333]}, "22": {"30": [0.9666666666666667, 0.03333333333333333]}, "23": {"30": [0.9666666666666667, 0.03333333333333333]}, "24": {"30": [1.0, 0.0]}, "25": {"30": [1.0, 0.0]}, "26": {"30": [1.0, 0.0]}, "27": {"30": [0.9666666666666667, 0.03333333333333333]}, "28": {"30": [0.9333333333333333, 0.06666666666666667]}, "29": {"30": [1.0, 0.0]}, "30": {"30": [0.9666666666666667, 0.03333333333333333]}, "31": {"30": [1.0, 0.0]}, "32": {"30": [0.9666666666666667, 0.03333333333333333]}, "33": {"30": [0.9666666666666667, 0.03333333333333333]}, "34": {"30": [1.0, 0.0]}, "35": {"30": [0.9666666666666667, 0.03333333333333333]}, "36": {"30": [1.0, 0.0]}, "37": {"30": [1.0, 0.0]}, "38": {"30": [0.9333333333333333, 0.06666666666666667]}, "39": {"30": [0.9666666666666667, 0.03333333333333333]}, "40": {"30": [1.0, 0.0]}, "41": {"30": [1.0, 0.0]}, "42": {"30": [1.0, 0.0]}, "43": {"30": [1.0, 0.0]}, "44": {"30": [1.0, 0.0]}, "45": {"30": [0.9666666666666667, 0.03333333333333333]}, "46": {"30": [1.0, 0.0]}, "47": {"30": [1.0, 0.0]}, "48": {"30": [0.9666666666666667, 0.03333333333333333]}, "49": {"30": [1.0, 0.0]}, "50": {"30": [1.0, 0.0]}, "51": {"30": [1.0, 0.0]}, "52": {"30": [1.0, 0.0]}, "53": {"30": [1.0, 0.0]}, "54": {"30": [1.0, 0.0]}, "55": {"30": [1.0, 0.0]}, "56": {"30": [0.9333333333333333, 0.06666666666666667]}, "57": {"30": [1.0, 0.0]}, "58": {"30": [1.0, 0.0]}, "59": {"30": [1.0, 0.0]}, "60": {"30": [1.0, 0.0]}, "61": {"30": [0.9666666666666667, 0.03333333333333333]}, "62": {"30": [0.9666666666666667, 0.03333333333333333]}, "63": {"30": [1.0, 0.0]}, "64": {"30": [0.9666666666666667, 0.03333333333333333]}, "65": {"30": [0.9666666666666667, 0.03333333333333333]}, "66": {"30": [1.0, 0.0]}, "67": {"30": [1.0, 0.0]}, "68": {"30": [1.0, 0.0]}, "69": {"30": [1.0, 0.0]}, "70": {"30": [0.9666666666666667, 0.03333333333333333]}, "71": {"30": [1.0, 0.0]}, "72": {"30": [0.9666666666666667, 0.03333333333333333]}, "73": {"30": [1.0, 0.0]}, "74": {"30": [1.0, 0.0]}, "75": {"30": [1.0, 0.0]}, "76": {"30": [1.0, 0.0]}, "77": {"30": [0.9666666666666667, 0.03333333333333333]}, "78": {"30": [0.9666666666666667, 0.03333333333333333]}, "79": {"30": [1.0, 0.0]}, "80": {"30": [0.9333333333333333, 0.06666666666666667]}, "81": {"30": [1.0, 0.0]}, "82": {"30": [1.0, 0.0]}, "83": {"30": [1.0, 0.0]}, "84": {"30": [1.0, 0.0]}, "85": {"30": [1.0, 0.0]}, "86": {"30": [0.9666666666666667, 0.03333333333333333]}, "87": {"30": [0.9666666666666667, 0.03333333333333333]}, "88": {"30": [1.0, 0.0]}, "89": {"30": [1.0, 0.0]}, "90": {"30": [1.0, 0.0]}, "91": {"30": [0.9666666666666667, 0.03333333333333333]}, "92": {"30": [0.9666666666666667, 0.03333333333333333]}, "93": {"30": [1.0, 0.0]}, "94": {"30": [0.9666666666666667, 0.03333333333333333]}, "95": {"30": [0.9333333333333333, 0.06666666666666667]}, "96": {"30": [1.0, 0.0]}, "97": {"30": [1.0, 0.0]}, "98": {"30": [1.0, 0.0]}, "99": {"30": [1.0, 0.0]}, "100": {"30": [1.0, 0.0]}}