{"1": {"30": [0.7, 0.3]}, "2": {"30": [0.6666666666666666, 0.3333333333333333]}, "3": {"30": [0.6333333333333333, 0.36666666666666664]}, "4": {"30": [0.7, 0.3]}, "5": {"30": [0.7, 0.3]}, "6": {"30": [0.8, 0.2]}, "7": {"30": [0.8666666666666667, 0.13333333333333333]}, "8": {"30": [0.8333333333333334, 0.16666666666666666]}, "9": {"30": [0.6333333333333333, 0.36666666666666664]}, "10": {"30": [0.7666666666666667, 0.23333333333333334]}, "11": {"30": [0.6333333333333333, 0.36666666666666664]}, "12": {"30": [0.7, 0.3]}, "13": {"30": [0.5666666666666667, 0.43333333333333335]}, "14": {"30": [0.6, 0.4]}, "15": {"30": [0.6, 0.4]}, "16": {"30": [0.8333333333333334, 0.16666666666666666]}, "17": {"30": [0.6666666666666666, 0.3333333333333333]}, "18": {"30": [0.8666666666666667, 0.13333333333333333]}, "19": {"30": [0.6333333333333333, 0.36666666666666664]}, "20": {"30": [0.7666666666666667, 0.23333333333333334]}, "21": {"30": [0.6333333333333333, 0.36666666666666664]}, "22": {"30": [0.6666666666666666, 0.3333333333333333]}, "23": {"30": [0.8, 0.2]}, "24": {"30": [0.8333333333333334, 0.16666666666666666]}, "25": {"30": [0.7, 0.3]}, "26": {"30": [0.7333333333333333, 0.26666666666666666]}, "27": {"30": [0.7, 0.3]}, "28": {"30": [0.8, 0.2]}, "29": {"30": [0.6, 0.4]}, "30": {"30": [0.7333333333333333, 0.26666666666666666]}, "31": {"30": [0.7333333333333333, 0.26666666666666666]}, "32": {"30": [0.7, 0.3]}, "33": {"30": [0.5666666666666667, 0.43333333333333335]}, "34": {"30": [0.8333333333333334, 0.16666666666666666]}, "35": {"30": [0.6333333333333333, 0.36666666666666664]}, "36": {"30": [0.8333333333333334, 0.16666666666666666]}, "37": {"30": [0.6, 0.4]}, "38": {"30": [0.9, 0.1]}, "39": {"30": [0.7, 0.3]}, "40": {"30": [0.8333333333333334, 0.16666666666666666]}, "41": {"30": [0.5, 0.5]}, "42": {"30": [0.7666666666666667, 0.23333333333333334]}, "43": {"30": [0.6, 0.4]}, "44": {"30": [0.7333333333333333, 0.26666666666666666]}, "45": {"30": [0.7666666666666667, 0.23333333333333334]}, "46": {"30": [0.8, 0.2]}, "47": {"30": [0.6333333333333333, 0.36666666666666664]}, "48": {"30": [0.7, 0.3]}, "49": {"30": [0.7333333333333333, 0.26666666666666666]}, "50": {"30": [0.7666666666666667, 0.23333333333333334]}, "51": {"30": [0.7666666666666667, 0.23333333333333334]}, "52": {"30": [0.6333333333333333, 0.36666666666666664]}, "53": {"30": [0.7333333333333333, 0.26666666666666666]}, "54": {"30": [0.7, 0.3]}, "55": {"30": [0.8, 0.2]}, "56": {"30": [0.7333333333333333, 0.26666666666666666]}, "57": {"30": [0.7333333333333333, 0.26666666666666666]}, "58": {"30": [0.6, 0.4]}, "59": {"30": [0.6666666666666666, 0.3333333333333333]}, "60": {"30": [0.7333333333333333, 0.26666666666666666]}, "61": {"30": [0.8333333333333334, 0.16666666666666666]}, "62": {"30": [0.7, 0.3]}, "63": {"30": [0.6333333333333333, 0.36666666666666664]}, "64": {"30": [0.8, 0.2]}, "65": {"30": [0.7666666666666667, 0.23333333333333334]}, "66": {"30": [0.7, 0.3]}, "67": {"30": [0.6666666666666666, 0.3333333333333333]}, "68": {"30": [0.7333333333333333, 0.26666666666666666]}, "69": {"30": [0.6666666666666666, 0.3333333333333333]}, "70": {"30": [0.7, 0.3]}, "71": {"30": [0.7333333333333333, 0.26666666666666666]}, "72": {"30": [0.7, 0.3]}, "73": {"30": [0.8333333333333334, 0.16666666666666666]}, "74": {"30": [0.7666666666666667, 0.23333333333333334]}, "75": {"30": [0.6666666666666666, 0.3333333333333333]}, "76": {"30": [0.6666666666666666, 0.3333333333333333]}, "77": {"30": [0.7, 0.3]}, "78": {"30": [0.6333333333333333, 0.36666666666666664]}, "79": {"30": [0.8333333333333334, 0.16666666666666666]}, "80": {"30": [0.8, 0.2]}, "81": {"30": [0.7333333333333333, 0.26666666666666666]}, "82": {"30": [0.6666666666666666, 0.3333333333333333]}, "83": {"30": [0.8, 0.2]}, "84": {"30": [0.7666666666666667, 0.23333333333333334]}, "85": {"30": [0.6333333333333333, 0.36666666666666664]}, "86": {"30": [0.7, 0.3]}, "87": {"30": [0.6333333333333333, 0.36666666666666664]}, "88": {"30": [0.7, 0.3]}, "89": {"30": [0.7333333333333333, 0.26666666666666666]}, "90": {"30": [0.6666666666666666, 0.3333333333333333]}, "91": {"30": [0.8, 0.2]}, "92": {"30": [0.6333333333333333, 0.36666666666666664]}, "93": {"30": [0.7666666666666667, 0.23333333333333334]}, "94": {"30": [0.8, 0.2]}, "95": {"30": [0.6666666666666666, 0.3333333333333333]}, "96": {"30": [0.7666666666666667, 0.23333333333333334]}, "97": {"30": [0.7, 0.3]}, "98": {"30": [0.7333333333333333, 0.26666666666666666]}, "99": {"30": [0.6, 0.4]}, "100": {"30": [0.6333333333333333, 0.36666666666666664]}}